{
  "Total" : {
    "transaction" : "Total",
    "sampleCount" : 60,
    "errorCount" : 3,
    "errorPct" : 5.0,
    "meanResTime" : 27136.533333333333,
    "medianResTime" : 248.0,
    "minResTime" : 81.0,
    "maxResTime" : 147673.0,
    "pct1ResTime" : 119511.7,
    "pct2ResTime" : 122857.09999999999,
    "pct3ResTime" : 147673.0,
    "throughput" : 0.14966811096393748,
    "receivedKBytesPerSec" : 0.28505880007957357,
    "sentKBytesPerSec" : 1978.9298602419447
  },
  "05 - Upload Video" : {
    "transaction" : "05 - Upload Video",
    "sampleCount" : 20,
    "errorCount" : 1,
    "errorPct" : 5.0,
    "meanResTime" : 81003.8,
    "medianResTime" : 70923.5,
    "minResTime" : 30077.0,
    "maxResTime" : 147673.0,
    "pct1ResTime" : 125984.40000000001,
    "pct2ResTime" : 146605.5,
    "pct3ResTime" : 147673.0,
    "throughput" : 0.04993894963407235,
    "receivedKBytesPerSec" : 0.03417453023054316,
    "sentKBytesPerSec" : 1980.8647819642051
  },
  "01 - Login Usuario" : {
    "transaction" : "01 - Login Usuario",
    "sampleCount" : 20,
    "errorCount" : 1,
    "errorPct" : 5.0,
    "meanResTime" : 250.35000000000002,
    "medianResTime" : 248.0,
    "minResTime" : 184.0,
    "maxResTime" : 343.0,
    "pct1ResTime" : 262.7,
    "pct2ResTime" : 338.99999999999994,
    "pct3ResTime" : 343.0,
    "throughput" : 0.07012303085763973,
    "receivedKBytesPerSec" : 0.06046741821024988,
    "sentKBytesPerSec" : 0.01721232793561303
  },
  "06 - Check Video Status" : {
    "transaction" : "06 - Check Video Status",
    "sampleCount" : 20,
    "errorCount" : 1,
    "errorPct" : 5.0,
    "meanResTime" : 155.45,
    "medianResTime" : 183.5,
    "minResTime" : 81.0,
    "maxResTime" : 238.0,
    "pct1ResTime" : 232.5,
    "pct2ResTime" : 237.75,
    "pct3ResTime" : 238.0,
    "throughput" : 0.05450898308041165,
    "receivedKBytesPerSec" : 0.22714915293040294,
    "sentKBytesPerSec" : 0.02123135537267792
  }
}