{
  "Total" : {
    "transaction" : "Total",
    "sampleCount" : 150,
    "errorCount" : 6,
    "errorPct" : 4.0,
    "meanResTime" : 11628.080000000002,
    "medianResTime" : 812.0,
    "minResTime" : 82.0,
    "maxResTime" : 145594.0,
    "pct1ResTime" : 28813.500000000004,
    "pct2ResTime" : 90569.3999999998,
    "pct3ResTime" : 143377.03000000003,
    "throughput" : 0.21690813362119452,
    "receivedKBytesPerSec" : 0.3356469786685311,
    "sentKBytesPerSec" : 2867.9966563046337
  },
  "05 - Upload Video" : {
    "transaction" : "05 - Upload Video",
    "sampleCount" : 50,
    "errorCount" : 2,
    "errorPct" : 4.0,
    "meanResTime" : 33617.56,
    "medianResTime" : 16683.0,
    "minResTime" : 4592.0,
    "maxResTime" : 145594.0,
    "pct1ResTime" : 100317.4,
    "pct2ResTime" : 121515.74999999985,
    "pct3ResTime" : 145594.0,
    "throughput" : 0.0723734586262649,
    "receivedKBytesPerSec" : 0.02374330047940179,
    "sentKBytesPerSec" : 2870.7498121004082
  },
  "01 - Login Usuario" : {
    "transaction" : "01 - Login Usuario",
    "sampleCount" : 50,
    "errorCount" : 2,
    "errorPct" : 4.0,
    "meanResTime" : 833.16,
    "medianResTime" : 540.5,
    "minResTime" : 251.0,
    "maxResTime" : 3603.0,
    "pct1ResTime" : 2112.4,
    "pct2ResTime" : 2720.399999999998,
    "pct3ResTime" : 3603.0,
    "throughput" : 0.08452142279982285,
    "receivedKBytesPerSec" : 0.04286160589012891,
    "sentKBytesPerSec" : 0.0249272164897915
  },
  "06 - Check Video Status" : {
    "transaction" : "06 - Check Video Status",
    "sampleCount" : 50,
    "errorCount" : 2,
    "errorPct" : 4.0,
    "meanResTime" : 433.52000000000004,
    "medianResTime" : 211.5,
    "minResTime" : 82.0,
    "maxResTime" : 4324.0,
    "pct1ResTime" : 1403.2999999999993,
    "pct2ResTime" : 1840.0999999999995,
    "pct3ResTime" : 4324.0,
    "throughput" : 0.07283459118672313,
    "receivedKBytesPerSec" : 0.27728640983004776,
    "sentKBytesPerSec" : 0.032005966154493824
  }
}