{
  "Total" : {
    "transaction" : "Total",
    "sampleCount" : 31,
    "errorCount" : 0,
    "errorPct" : 0.0,
    "meanResTime" : 4716.387096774194,
    "medianResTime" : 280.0,
    "minResTime" : 85.0,
    "maxResTime" : 24878.0,
    "pct1ResTime" : 17719.600000000002,
    "pct2ResTime" : 20957.59999999999,
    "pct3ResTime" : 24878.0,
    "throughput" : 0.10756717743726404,
    "receivedKBytesPerSec" : 0.1684464588711692,
    "sentKBytesPerSec" : 0.0
  },
  "Warmup - Login" : {
    "transaction" : "Warmup - Login",
    "sampleCount" : 1,
    "errorCount" : 0,
    "errorPct" : 0.0,
    "meanResTime" : 483.0,
    "medianResTime" : 483.0,
    "minResTime" : 483.0,
    "maxResTime" : 483.0,
    "pct1ResTime" : 483.0,
    "pct2ResTime" : 483.0,
    "pct3ResTime" : 483.0,
    "throughput" : 2.070393374741201,
    "receivedKBytesPerSec" : 1.065524715320911,
    "sentKBytesPerSec" : 0.0
  },
  "05 - Upload Video" : {
    "transaction" : "05 - Upload Video",
    "sampleCount" : 10,
    "errorCount" : 0,
    "errorPct" : 0.0,
    "meanResTime" : 14203.099999999999,
    "medianResTime" : 15703.0,
    "minResTime" : 4394.0,
    "maxResTime" : 24878.0,
    "pct1ResTime" : 24224.600000000002,
    "pct2ResTime" : 24878.0,
    "pct3ResTime" : 24878.0,
    "throughput" : 0.03516186765776251,
    "receivedKBytesPerSec" : 0.011795021035587326,
    "sentKBytesPerSec" : 0.0
  },
  "01 - Login Usuario" : {
    "transaction" : "01 - Login Usuario",
    "sampleCount" : 10,
    "errorCount" : 0,
    "errorPct" : 0.0,
    "meanResTime" : 272.0,
    "medianResTime" : 264.0,
    "minResTime" : 153.0,
    "maxResTime" : 370.0,
    "pct1ResTime" : 368.7,
    "pct2ResTime" : 370.0,
    "pct3ResTime" : 370.0,
    "throughput" : 0.03700332289839628,
    "receivedKBytesPerSec" : 0.019213541782302054,
    "sentKBytesPerSec" : 0.0
  },
  "06 - Check Video Status" : {
    "transaction" : "06 - Check Video Status",
    "sampleCount" : 10,
    "errorCount" : 0,
    "errorPct" : 0.0,
    "meanResTime" : 97.39999999999999,
    "medianResTime" : 94.0,
    "minResTime" : 85.0,
    "maxResTime" : 125.0,
    "pct1ResTime" : 123.0,
    "pct2ResTime" : 125.0,
    "pct3ResTime" : 125.0,
    "throughput" : 0.03602850575375237,
    "receivedKBytesPerSec" : 0.1422527847783166,
    "sentKBytesPerSec" : 0.0
  }
}