{
  "03 - Get Public Videos" : {
    "transaction" : "03 - Get Public Videos",
    "sampleCount" : 10,
    "errorCount" : 0,
    "errorPct" : 0.0,
    "meanResTime" : 738.2,
    "medianResTime" : 707.0,
    "minResTime" : 527.0,
    "maxResTime" : 1041.0,
    "pct1ResTime" : 1032.8,
    "pct2ResTime" : 1041.0,
    "pct3ResTime" : 1041.0,
    "throughput" : 0.999000999000999,
    "receivedKBytesPerSec" : 463.2681771353646,
    "sentKBytesPerSec" : 0.15999625374625376
  },
  "04 - Get Rankings" : {
    "transaction" : "04 - Get Rankings",
    "sampleCount" : 10,
    "errorCount" : 0,
    "errorPct" : 0.0,
    "meanResTime" : 82.9,
    "medianResTime" : 82.0,
    "minResTime" : 77.0,
    "maxResTime" : 97.0,
    "pct1ResTime" : 95.9,
    "pct2ResTime" : 97.0,
    "pct3ResTime" : 97.0,
    "throughput" : 1.0797969981643452,
    "receivedKBytesPerSec" : 1.6871828096317893,
    "sentKBytesPerSec" : 0.17504521649929813
  },
  "Total" : {
    "transaction" : "Total",
    "sampleCount" : 40,
    "errorCount" : 2,
    "errorPct" : 5.0,
    "meanResTime" : 278.59999999999997,
    "medianResTime" : 122.5,
    "minResTime" : 73.0,
    "maxResTime" : 1041.0,
    "pct1ResTime" : 866.5999999999999,
    "pct2ResTime" : 956.9499999999998,
    "pct3ResTime" : 1041.0,
    "throughput" : 3.862495171881035,
    "receivedKBytesPerSec" : 450.72517969655274,
    "sentKBytesPerSec" : 0.9146079265643106
  },
  "01 - Login Usuario" : {
    "transaction" : "01 - Login Usuario",
    "sampleCount" : 10,
    "errorCount" : 1,
    "errorPct" : 10.0,
    "meanResTime" : 213.10000000000002,
    "medianResTime" : 166.5,
    "minResTime" : 148.0,
    "maxResTime" : 407.0,
    "pct1ResTime" : 392.70000000000005,
    "pct2ResTime" : 407.0,
    "pct3ResTime" : 407.0,
    "throughput" : 1.0409076714895389,
    "receivedKBytesPerSec" : 0.8802988706151765,
    "sentKBytesPerSec" : 0.254839407463308
  },
  "02 - Get Profile" : {
    "transaction" : "02 - Get Profile",
    "sampleCount" : 10,
    "errorCount" : 1,
    "errorPct" : 10.0,
    "meanResTime" : 80.2,
    "medianResTime" : 79.5,
    "minResTime" : 73.0,
    "maxResTime" : 92.0,
    "pct1ResTime" : 91.3,
    "pct2ResTime" : 92.0,
    "pct3ResTime" : 92.0,
    "throughput" : 1.0527423939362037,
    "receivedKBytesPerSec" : 0.6646464430466364,
    "sentKBytesPerSec" : 0.40012435519528367
  }
}