{
  "03 - Get Public Videos" : {
    "transaction" : "03 - Get Public Videos",
    "sampleCount" : 10,
    "errorCount" : 0,
    "errorPct" : 0.0,
    "meanResTime" : 2116.5,
    "medianResTime" : 1704.0,
    "minResTime" : 1099.0,
    "maxResTime" : 4686.0,
    "pct1ResTime" : 4515.900000000001,
    "pct2ResTime" : 4686.0,
    "pct3ResTime" : 4686.0,
    "throughput" : 0.8109642364771713,
    "receivedKBytesPerSec" : 682.4735264526397,
    "sentKBytesPerSec" : 0.19006974292433704
  },
  "04 - Get Rankings" : {
    "transaction" : "04 - Get Rankings",
    "sampleCount" : 10,
    "errorCount" : 0,
    "errorPct" : 0.0,
    "meanResTime" : 92.10000000000001,
    "medianResTime" : 92.0,
    "minResTime" : 88.0,
    "maxResTime" : 97.0,
    "pct1ResTime" : 96.8,
    "pct2ResTime" : 97.0,
    "pct3ResTime" : 97.0,
    "throughput" : 0.9128251939753537,
    "receivedKBytesPerSec" : 2.1394340483797354,
    "sentKBytesPerSec" : 0.21572626654495664
  },
  "Total" : {
    "transaction" : "Total",
    "sampleCount" : 40,
    "errorCount" : 0,
    "errorPct" : 0.0,
    "meanResTime" : 656.0999999999998,
    "medianResTime" : 142.5,
    "minResTime" : 79.0,
    "maxResTime" : 4686.0,
    "pct1ResTime" : 2332.099999999999,
    "pct2ResTime" : 2961.149999999998,
    "pct3ResTime" : 4686.0,
    "throughput" : 3.0866579211358904,
    "receivedKBytesPerSec" : 652.0347827764488,
    "sentKBytesPerSec" : 0.9758089214059728
  },
  "01 - Login Usuario" : {
    "transaction" : "01 - Login Usuario",
    "sampleCount" : 10,
    "errorCount" : 0,
    "errorPct" : 0.0,
    "meanResTime" : 320.8,
    "medianResTime" : 311.5,
    "minResTime" : 159.0,
    "maxResTime" : 568.0,
    "pct1ResTime" : 557.0,
    "pct2ResTime" : 568.0,
    "pct3ResTime" : 568.0,
    "throughput" : 0.9038322487346349,
    "receivedKBytesPerSec" : 0.5903154374548084,
    "sentKBytesPerSec" : 0.2895087671728127
  },
  "02 - Get Profile" : {
    "transaction" : "02 - Get Profile",
    "sampleCount" : 10,
    "errorCount" : 0,
    "errorPct" : 0.0,
    "meanResTime" : 95.0,
    "medianResTime" : 91.5,
    "minResTime" : 79.0,
    "maxResTime" : 126.0,
    "pct1ResTime" : 123.80000000000001,
    "pct2ResTime" : 126.0,
    "pct3ResTime" : 126.0,
    "throughput" : 0.9341429238673516,
    "receivedKBytesPerSec" : 0.389439076366184,
    "sentKBytesPerSec" : 0.44234951541335826
  }
}