{
  "Total" : {
    "transaction" : "Total",
    "sampleCount" : 31,
    "errorCount" : 1,
    "errorPct" : 3.2258065,
    "meanResTime" : 43959.870967741925,
    "medianResTime" : 291.0,
    "minResTime" : 82.0,
    "maxResTime" : 217079.0,
    "pct1ResTime" : 204359.6,
    "pct2ResTime" : 214709.0,
    "pct3ResTime" : 217079.0,
    "throughput" : 0.05899525373668325,
    "receivedKBytesPerSec" : 0.11235748661664123,
    "sentKBytesPerSec" : 0.0
  },
  "Warmup - Login" : {
    "transaction" : "Warmup - Login",
    "sampleCount" : 1,
    "errorCount" : 1,
    "errorPct" : 100.0,
    "meanResTime" : 168.0,
    "medianResTime" : 168.0,
    "minResTime" : 168.0,
    "maxResTime" : 168.0,
    "pct1ResTime" : 168.0,
    "pct2ResTime" : 168.0,
    "pct3ResTime" : 168.0,
    "throughput" : 5.952380952380952,
    "receivedKBytesPerSec" : 3.3598400297619047,
    "sentKBytesPerSec" : 0.0
  },
  "05 - Upload Video" : {
    "transaction" : "05 - Upload Video",
    "sampleCount" : 10,
    "errorCount" : 0,
    "errorPct" : 0.0,
    "meanResTime" : 135851.9,
    "medianResTime" : 127885.0,
    "minResTime" : 33804.0,
    "maxResTime" : 217079.0,
    "pct1ResTime" : 216684.0,
    "pct2ResTime" : 217079.0,
    "pct3ResTime" : 217079.0,
    "throughput" : 0.02308882270093048,
    "receivedKBytesPerSec" : 0.01599983260603542,
    "sentKBytesPerSec" : 0.0
  },
  "01 - Login Usuario" : {
    "transaction" : "01 - Login Usuario",
    "sampleCount" : 10,
    "errorCount" : 0,
    "errorPct" : 0.0,
    "meanResTime" : 294.2,
    "medianResTime" : 278.5,
    "minResTime" : 154.0,
    "maxResTime" : 503.0,
    "pct1ResTime" : 498.70000000000005,
    "pct2ResTime" : 503.0,
    "pct3ResTime" : 503.0,
    "throughput" : 0.046255608492529715,
    "receivedKBytesPerSec" : 0.040582069013367875,
    "sentKBytesPerSec" : 0.0
  },
  "06 - Check Video Status" : {
    "transaction" : "06 - Check Video Status",
    "sampleCount" : 10,
    "errorCount" : 0,
    "errorPct" : 0.0,
    "meanResTime" : 112.7,
    "medianResTime" : 89.0,
    "minResTime" : 82.0,
    "maxResTime" : 329.0,
    "pct1ResTime" : 305.4000000000001,
    "pct2ResTime" : 329.0,
    "pct3ResTime" : 329.0,
    "throughput" : 0.02047938135884791,
    "receivedKBytesPerSec" : 0.0875953539195488,
    "sentKBytesPerSec" : 0.0
  }
}