{
  "Total" : {
    "transaction" : "Total",
    "sampleCount" : 150,
    "errorCount" : 8,
    "errorPct" : 5.3333335,
    "meanResTime" : 119579.28666666668,
    "medianResTime" : 575.5,
    "minResTime" : 194.0,
    "maxResTime" : 942983.0,
    "pct1ResTime" : 486590.10000000003,
    "pct2ResTime" : 561141.5,
    "pct3ResTime" : 924314.4500000003,
    "throughput" : 0.08746870806968807,
    "receivedKBytesPerSec" : 0.148725846062946,
    "sentKBytesPerSec" : 1120.9270850963746
  },
  "05 - Upload Video" : {
    "transaction" : "05 - Upload Video",
    "sampleCount" : 50,
    "errorCount" : 3,
    "errorPct" : 6.0,
    "meanResTime" : 357649.38,
    "medianResTime" : 336862.0,
    "minResTime" : 66912.0,
    "maxResTime" : 942983.0,
    "pct1ResTime" : 687402.6999999998,
    "pct2ResTime" : 826158.8499999994,
    "pct3ResTime" : 942983.0,
    "throughput" : 0.0380428042416205,
    "receivedKBytesPerSec" : 0.019754766335389928,
    "sentKBytesPerSec" : 1462.5480042233694
  },
  "01 - Login Usuario" : {
    "transaction" : "01 - Login Usuario",
    "sampleCount" : 50,
    "errorCount" : 2,
    "errorPct" : 4.0,
    "meanResTime" : 590.6800000000002,
    "medianResTime" : 372.0,
    "minResTime" : 228.0,
    "maxResTime" : 3536.0,
    "pct1ResTime" : 1501.3999999999992,
    "pct2ResTime" : 1764.2999999999988,
    "pct3ResTime" : 3536.0,
    "throughput" : 0.08476199678921556,
    "receivedKBytesPerSec" : 0.05440660668907774,
    "sentKBytesPerSec" : 0.024998167021819437
  },
  "06 - Check Video Status" : {
    "transaction" : "06 - Check Video Status",
    "sampleCount" : 50,
    "errorCount" : 3,
    "errorPct" : 6.0,
    "meanResTime" : 497.8000000000002,
    "medianResTime" : 319.0,
    "minResTime" : 194.0,
    "maxResTime" : 1872.0,
    "pct1ResTime" : 1135.6999999999998,
    "pct2ResTime" : 1593.8499999999995,
    "pct3ResTime" : 1872.0,
    "throughput" : 0.030347061129906056,
    "receivedKBytesPerSec" : 0.11956267912352832,
    "sentKBytesPerSec" : 0.013344408872630957
  }
}