{
  "Total" : {
    "transaction" : "Total",
    "sampleCount" : 150,
    "errorCount" : 15,
    "errorPct" : 10.0,
    "meanResTime" : 32904.60666666666,
    "medianResTime" : 253.0,
    "minResTime" : 86.0,
    "maxResTime" : 199359.0,
    "pct1ResTime" : 140715.1,
    "pct2ResTime" : 152102.69999999998,
    "pct3ResTime" : 189685.32000000018,
    "throughput" : 0.20469376448208382,
    "receivedKBytesPerSec" : 0.3757902991701715,
    "sentKBytesPerSec" : 2706.4844511204938
  },
  "05 - Upload Video" : {
    "transaction" : "05 - Upload Video",
    "sampleCount" : 50,
    "errorCount" : 5,
    "errorPct" : 10.0,
    "meanResTime" : 98298.52,
    "medianResTime" : 94881.0,
    "minResTime" : 26812.0,
    "maxResTime" : 199359.0,
    "pct1ResTime" : 154324.5,
    "pct2ResTime" : 168235.4499999999,
    "pct3ResTime" : 199359.0,
    "throughput" : 0.06826749388664592,
    "receivedKBytesPerSec" : 0.0466752322460142,
    "sentKBytesPerSec" : 2707.8792362753325
  },
  "01 - Login Usuario" : {
    "transaction" : "01 - Login Usuario",
    "sampleCount" : 50,
    "errorCount" : 5,
    "errorPct" : 10.0,
    "meanResTime" : 254.98000000000005,
    "medianResTime" : 253.0,
    "minResTime" : 166.0,
    "maxResTime" : 425.0,
    "pct1ResTime" : 281.6,
    "pct2ResTime" : 323.6999999999997,
    "pct3ResTime" : 425.0,
    "throughput" : 0.08500365515717176,
    "receivedKBytesPerSec" : 0.07196588750191257,
    "sentKBytesPerSec" : 0.020854119383383486
  },
  "06 - Check Video Status" : {
    "transaction" : "06 - Check Video Status",
    "sampleCount" : 50,
    "errorCount" : 5,
    "errorPct" : 10.0,
    "meanResTime" : 160.31999999999996,
    "medianResTime" : 179.5,
    "minResTime" : 86.0,
    "maxResTime" : 243.0,
    "pct1ResTime" : 205.0,
    "pct2ResTime" : 216.45,
    "pct3ResTime" : 243.0,
    "throughput" : 0.07152932559290659,
    "receivedKBytesPerSec" : 0.28449112786010006,
    "sentKBytesPerSec" : 0.02717695255388304
  }
}