{
  "Total" : {
    "transaction" : "Total",
    "sampleCount" : 31,
    "errorCount" : 0,
    "errorPct" : 0.0,
    "meanResTime" : 69050.58064516129,
    "medianResTime" : 347.0,
    "minResTime" : 87.0,
    "maxResTime" : 420898.0,
    "pct1ResTime" : 286884.4,
    "pct2ResTime" : 360624.9999999999,
    "pct3ResTime" : 420898.0,
    "throughput" : 0.055440898214087715,
    "receivedKBytesPerSec" : 0.09566978082066836,
    "sentKBytesPerSec" : 0.0
  },
  "Warmup - Login" : {
    "transaction" : "Warmup - Login",
    "sampleCount" : 1,
    "errorCount" : 0,
    "errorPct" : 0.0,
    "meanResTime" : 357.0,
    "medianResTime" : 357.0,
    "minResTime" : 357.0,
    "maxResTime" : 357.0,
    "pct1ResTime" : 357.0,
    "pct2ResTime" : 357.0,
    "pct3ResTime" : 357.0,
    "throughput" : 2.8011204481792715,
    "receivedKBytesPerSec" : 1.8190870098039216,
    "sentKBytesPerSec" : 0.0
  },
  "05 - Upload Video" : {
    "transaction" : "05 - Upload Video",
    "sampleCount" : 10,
    "errorCount" : 0,
    "errorPct" : 0.0,
    "meanResTime" : 213582.30000000002,
    "medianResTime" : 202705.5,
    "minResTime" : 61534.0,
    "maxResTime" : 420898.0,
    "pct1ResTime" : 410852.5,
    "pct2ResTime" : 420898.0,
    "pct3ResTime" : 420898.0,
    "throughput" : 0.018002707607224125,
    "receivedKBytesPerSec" : 0.00846514034460783,
    "sentKBytesPerSec" : 0.0
  },
  "01 - Login Usuario" : {
    "transaction" : "01 - Login Usuario",
    "sampleCount" : 10,
    "errorCount" : 0,
    "errorPct" : 0.0,
    "meanResTime" : 326.4,
    "medianResTime" : 323.5,
    "minResTime" : 159.0,
    "maxResTime" : 466.0,
    "pct1ResTime" : 459.3,
    "pct2ResTime" : 466.0,
    "pct3ResTime" : 466.0,
    "throughput" : 0.03699880493860048,
    "receivedKBytesPerSec" : 0.024197362956426507,
    "sentKBytesPerSec" : 0.0
  },
  "06 - Check Video Status" : {
    "transaction" : "06 - Check Video Status",
    "sampleCount" : 10,
    "errorCount" : 0,
    "errorPct" : 0.0,
    "meanResTime" : 112.4,
    "medianResTime" : 103.0,
    "minResTime" : 87.0,
    "maxResTime" : 185.0,
    "pct1ResTime" : 179.3,
    "pct2ResTime" : 185.0,
    "pct3ResTime" : 185.0,
    "throughput" : 0.02147567986633537,
    "receivedKBytesPerSec" : 0.0893442810532962,
    "sentKBytesPerSec" : 0.0
  }
}