{
  "Total" : {
    "transaction" : "Total",
    "sampleCount" : 60,
    "errorCount" : 3,
    "errorPct" : 5.0,
    "meanResTime" : 93685.84999999999,
    "medianResTime" : 403.0,
    "minResTime" : 179.0,
    "maxResTime" : 460269.0,
    "pct1ResTime" : 385096.9,
    "pct2ResTime" : 399695.6,
    "pct3ResTime" : 460269.0,
    "throughput" : 0.08875962857054098,
    "receivedKBytesPerSec" : 0.15041463228365212,
    "sentKBytesPerSec" : 1173.5949099427241
  },
  "05 - Upload Video" : {
    "transaction" : "05 - Upload Video",
    "sampleCount" : 20,
    "errorCount" : 1,
    "errorPct" : 5.0,
    "meanResTime" : 280298.3,
    "medianResTime" : 293136.0,
    "minResTime" : 68443.0,
    "maxResTime" : 460269.0,
    "pct1ResTime" : 417350.20000000007,
    "pct2ResTime" : 458218.44999999995,
    "pct3ResTime" : 460269.0,
    "throughput" : 0.02966315998677023,
    "receivedKBytesPerSec" : 0.013843773591481928,
    "sentKBytesPerSec" : 1176.6123109344342
  },
  "01 - Login Usuario" : {
    "transaction" : "01 - Login Usuario",
    "sampleCount" : 20,
    "errorCount" : 1,
    "errorPct" : 5.0,
    "meanResTime" : 428.05000000000007,
    "medianResTime" : 316.0,
    "minResTime" : 264.0,
    "maxResTime" : 1523.0,
    "pct1ResTime" : 697.4000000000001,
    "pct2ResTime" : 1481.7999999999993,
    "pct3ResTime" : 1523.0,
    "throughput" : 0.07010435032545945,
    "receivedKBytesPerSec" : 0.04480106137986393,
    "sentKBytesPerSec" : 0.02067530644364136
  },
  "06 - Check Video Status" : {
    "transaction" : "06 - Check Video Status",
    "sampleCount" : 20,
    "errorCount" : 1,
    "errorPct" : 5.0,
    "meanResTime" : 331.19999999999993,
    "medianResTime" : 245.5,
    "minResTime" : 179.0,
    "maxResTime" : 972.0,
    "pct1ResTime" : 644.2000000000003,
    "pct2ResTime" : 956.3999999999997,
    "pct3ResTime" : 972.0,
    "throughput" : 0.03368863614925413,
    "receivedKBytesPerSec" : 0.1340176056812516,
    "sentKBytesPerSec" : 0.01474700307998356
  }
}