{
  "03 - Get Public Videos" : {
    "transaction" : "03 - Get Public Videos",
    "sampleCount" : 10,
    "errorCount" : 0,
    "errorPct" : 0.0,
    "meanResTime" : 2332.2,
    "medianResTime" : 1609.5,
    "minResTime" : 1146.0,
    "maxResTime" : 7124.0,
    "pct1ResTime" : 6728.800000000001,
    "pct2ResTime" : 7124.0,
    "pct3ResTime" : 7124.0,
    "throughput" : 0.844095551616443,
    "receivedKBytesPerSec" : 840.8696887925214,
    "sentKBytesPerSec" : 0.19783489491010384
  },
  "04 - Get Rankings" : {
    "transaction" : "04 - Get Rankings",
    "sampleCount" : 10,
    "errorCount" : 0,
    "errorPct" : 0.0,
    "meanResTime" : 157.29999999999998,
    "medianResTime" : 89.0,
    "minResTime" : 82.0,
    "maxResTime" : 451.0,
    "pct1ResTime" : 446.90000000000003,
    "pct2ResTime" : 451.0,
    "pct3ResTime" : 451.0,
    "throughput" : 0.9664637092877162,
    "receivedKBytesPerSec" : 2.1141393640668795,
    "sentKBytesPerSec" : 0.22840255629651107
  },
  "Total" : {
    "transaction" : "Total",
    "sampleCount" : 40,
    "errorCount" : 0,
    "errorPct" : 0.0,
    "meanResTime" : 753.4499999999999,
    "medianResTime" : 212.0,
    "minResTime" : 82.0,
    "maxResTime" : 7124.0,
    "pct1ResTime" : 1900.7999999999995,
    "pct2ResTime" : 3151.2999999999984,
    "pct3ResTime" : 7124.0,
    "throughput" : 2.9897600717542416,
    "receivedKBytesPerSec" : 746.8168836189177,
    "sentKBytesPerSec" : 0.9451758586217206
  },
  "01 - Login Usuario" : {
    "transaction" : "01 - Login Usuario",
    "sampleCount" : 10,
    "errorCount" : 0,
    "errorPct" : 0.0,
    "meanResTime" : 400.40000000000003,
    "medianResTime" : 269.5,
    "minResTime" : 153.0,
    "maxResTime" : 1320.0,
    "pct1ResTime" : 1250.4,
    "pct2ResTime" : 1320.0,
    "pct3ResTime" : 1320.0,
    "throughput" : 0.9887284951552303,
    "receivedKBytesPerSec" : 0.5125166847933557,
    "sentKBytesPerSec" : 0.3167020961044097
  },
  "02 - Get Profile" : {
    "transaction" : "02 - Get Profile",
    "sampleCount" : 10,
    "errorCount" : 0,
    "errorPct" : 0.0,
    "meanResTime" : 123.9,
    "medianResTime" : 98.0,
    "minResTime" : 84.0,
    "maxResTime" : 380.0,
    "pct1ResTime" : 352.80000000000007,
    "pct2ResTime" : 380.0,
    "pct3ResTime" : 380.0,
    "throughput" : 1.126506702714881,
    "receivedKBytesPerSec" : 0.3178201039202433,
    "sentKBytesPerSec" : 0.5334405274867635
  }
}