{
  "Total" : {
    "transaction" : "Total",
    "sampleCount" : 60,
    "errorCount" : 3,
    "errorPct" : 5.0,
    "meanResTime" : 15248.666666666666,
    "medianResTime" : 731.0,
    "minResTime" : 82.0,
    "maxResTime" : 127949.0,
    "pct1ResTime" : 69044.99999999999,
    "pct2ResTime" : 95660.49999999996,
    "pct3ResTime" : 127949.0,
    "throughput" : 0.18557638478644797,
    "receivedKBytesPerSec" : 0.2846531519375721,
    "sentKBytesPerSec" : 2453.722456888286
  },
  "05 - Upload Video" : {
    "transaction" : "05 - Upload Video",
    "sampleCount" : 20,
    "errorCount" : 1,
    "errorPct" : 5.0,
    "meanResTime" : 44744.4,
    "medianResTime" : 37341.5,
    "minResTime" : 4561.0,
    "maxResTime" : 127949.0,
    "pct1ResTime" : 99827.20000000001,
    "pct2ResTime" : 126563.19999999998,
    "pct3ResTime" : 127949.0,
    "throughput" : 0.0619519191155744,
    "receivedKBytesPerSec" : 0.02024629856643259,
    "sentKBytesPerSec" : 2457.370978231451
  },
  "01 - Login Usuario" : {
    "transaction" : "01 - Login Usuario",
    "sampleCount" : 20,
    "errorCount" : 1,
    "errorPct" : 5.0,
    "meanResTime" : 687.8,
    "medianResTime" : 544.5,
    "minResTime" : 244.0,
    "maxResTime" : 2352.0,
    "pct1ResTime" : 1903.1000000000022,
    "pct2ResTime" : 2334.5499999999997,
    "pct3ResTime" : 2352.0,
    "throughput" : 0.06993789514910759,
    "receivedKBytesPerSec" : 0.035269461967772614,
    "sentKBytesPerSec" : 0.020626215170928216
  },
  "06 - Check Video Status" : {
    "transaction" : "06 - Check Video Status",
    "sampleCount" : 20,
    "errorCount" : 1,
    "errorPct" : 5.0,
    "meanResTime" : 313.8,
    "medianResTime" : 160.5,
    "minResTime" : 82.0,
    "maxResTime" : 1043.0,
    "pct1ResTime" : 920.3000000000004,
    "pct2ResTime" : 1037.85,
    "pct3ResTime" : 1043.0,
    "throughput" : 0.06301614158466692,
    "receivedKBytesPerSec" : 0.23760593111863101,
    "sentKBytesPerSec" : 0.02758494674348334
  }
}